Scenario,S_T,Payoff,PV Profit
Down 10%,181.53,-29.452250307632625,-28.01584711038036
Base,201.7,-9.282250307632637,-8.82954961820097
Up 10%,221.87,10.887749692367379,10.356747873978447
